"timestamp","open","high","low","close","volume","code"
2019-10-03,0.16,0.1625,0.16,0.16,188950,"VEN"
2019-10-02,0.16,0.165,0.16,0.16,387320,"VEN"
2019-10-01,0.165,0.165,0.155,0.16,4726565,"VEN"
2019-09-30,0.155,0.16,0.15,0.16,495707,"VEN"
2019-09-27,0.16,0.16,0.16,0.16,0,"VEN"
2019-09-26,0.155,0.16,0.155,0.16,118493,"VEN"
2019-09-25,0.16,0.16,0.155,0.155,29875,"VEN"
2019-09-24,0.16,0.16,0.155,0.155,345028,"VEN"
2019-09-23,0.155,0.16,0.155,0.155,31133,"VEN"
2019-09-20,0.155,0.155,0.15,0.15,175390,"VEN"
2019-09-19,0.155,0.155,0.15,0.15,207175,"VEN"
2019-09-18,0.155,0.155,0.15,0.15,281654,"VEN"
2019-09-17,0.16,0.16,0.15,0.15,498659,"VEN"
2019-09-16,0.155,0.155,0.15,0.155,331316,"VEN"
2019-09-13,0.16,0.16,0.16,0.16,96209,"VEN"
2019-09-12,0.15,0.15,0.15,0.15,4000,"VEN"
2019-09-11,0.16,0.17,0.16,0.16,525821,"VEN"
2019-09-10,0.15,0.16,0.15,0.16,292414,"VEN"
2019-09-09,0.165,0.165,0.155,0.155,99957,"VEN"
2019-09-06,0.155,0.165,0.155,0.165,170348,"VEN"
2019-09-05,0.15,0.15,0.15,0.15,269762,"VEN"
2019-09-04,0.15,0.15,0.15,0.15,331442,"VEN"
2019-09-03,0.15,0.16,0.15,0.15,1134597,"VEN"
2019-09-02,0.145,0.145,0.145,0.145,101355,"VEN"
2019-08-30,0.145,0.145,0.14,0.14,279001,"VEN"
2019-08-29,0.15,0.15,0.15,0.15,138511,"VEN"
2019-08-28,0.145,0.15,0.145,0.15,205000,"VEN"
2019-08-27,0.14,0.145,0.14,0.145,373285,"VEN"
2019-08-26,0.15,0.15,0.145,0.145,213290,"VEN"
2019-08-23,0.145,0.15,0.145,0.15,219744,"VEN"
2019-08-22,0.14,0.14,0.14,0.14,225000,"VEN"
2019-08-21,0.135,0.135,0.13,0.135,446972,"VEN"
2019-08-20,0.145,0.145,0.14,0.14,37109,"VEN"
2019-08-19,0.14,0.14,0.14,0.14,85571,"VEN"
2019-08-16,0.14,0.14,0.14,0.14,98465,"VEN"
2019-08-15,0.145,0.145,0.14,0.145,139578,"VEN"
2019-08-14,0.147,0.147,0.147,0.1475,20000,"VEN"
2019-08-13,0.15,0.15,0.147,0.15,154026,"VEN"
2019-08-12,0.15,0.15,0.145,0.1475,264315,"VEN"
2019-08-09,0.15,0.15,0.15,0.15,62333,"VEN"
2019-08-08,0.145,0.145,0.145,0.145,245000,"VEN"
2019-08-07,0.14,0.145,0.14,0.145,71526,"VEN"
2019-08-06,0.14,0.145,0.14,0.14,87499,"VEN"
2019-08-05,0.145,0.145,0.145,0.145,0,"VEN"
2019-08-02,0.14,0.145,0.135,0.145,431792,"VEN"
2019-08-01,0.14,0.145,0.135,0.14,131270,"VEN"
2019-07-31,0.15,0.15,0.145,0.145,51062,"VEN"
2019-07-30,0.145,0.155,0.145,0.145,662635,"VEN"
2019-07-29,0.14,0.14,0.13,0.13,186432,"VEN"
2019-07-26,0.145,0.145,0.14,0.14,387682,"VEN"
2019-07-25,0.145,0.145,0.145,0.145,20000,"VEN"
2019-07-24,0.15,0.15,0.145,0.15,1012110,"VEN"
2019-07-23,0.145,0.145,0.145,0.145,20000,"VEN"
2019-07-22,0.15,0.15,0.145,0.145,226000,"VEN"
2019-07-19,0.15,0.15,0.15,0.15,68409,"VEN"
2019-07-18,0.155,0.155,0.15,0.15,95452,"VEN"
2019-07-17,0.15,0.15,0.15,0.15,130000,"VEN"
2019-07-16,0.15,0.15,0.15,0.15,0,"VEN"
2019-07-15,0.15,0.15,0.14,0.15,66053,"VEN"
2019-07-12,0.155,0.155,0.155,0.155,118020,"VEN"
2019-07-11,0.15,0.155,0.15,0.155,103160,"VEN"
2019-07-10,0.165,0.165,0.15,0.155,338353,"VEN"
2019-07-09,0.165,0.165,0.16,0.16,139812,"VEN"
2019-07-08,0.155,0.16,0.155,0.16,374112,"VEN"
2019-07-05,0.15,0.155,0.15,0.155,885240,"VEN"
2019-07-04,0.14,0.15,0.14,0.15,167158,"VEN"
2019-07-03,0.13,0.14,0.13,0.135,569575,"VEN"
2019-07-02,0.125,0.13,0.125,0.125,246871,"VEN"
2019-07-01,0.125,0.13,0.125,0.13,627759,"VEN"
2019-06-28,0.12,0.12,0.12,0.12,35000,"VEN"
2019-06-27,0.12,0.12,0.12,0.12,40467,"VEN"
2019-06-26,0.12,0.12,0.12,0.12,139618,"VEN"
2019-06-25,0.11,0.12,0.11,0.12,844323,"VEN"
2019-06-24,0.105,0.11,0.105,0.11,228312,"VEN"
2019-06-21,0.11,0.11,0.11,0.11,35000,"VEN"
2019-06-20,0.11,0.11,0.11,0.11,444381,"VEN"
2019-06-19,0.11,0.11,0.11,0.11,231186,"VEN"
2019-06-18,0.11,0.11,0.105,0.11,231611,"VEN"
2019-06-17,0.12,0.12,0.12,0.12,0,"VEN"
2019-06-14,0.12,0.12,0.12,0.12,450000,"VEN"
2019-06-13,0.11,0.11,0.11,0.11,148617,"VEN"
2019-06-12,0.11,0.11,0.11,0.11,131502,"VEN"
2019-06-11,0.12,0.12,0.105,0.11,1249686,"VEN"
2019-06-07,0.12,0.12,0.12,0.12,453844,"VEN"
2019-06-06,0.12,0.12,0.12,0.12,492000,"VEN"
2019-06-05,0.12,0.12,0.12,0.12,97526,"VEN"
2019-06-04,0.12,0.12,0.115,0.12,202114,"VEN"
2019-06-03,0.12,0.12,0.12,0.12,900000,"VEN"
2019-05-31,0.12,0.125,0.12,0.12,167199,"VEN"
2019-05-30,0.12,0.12,0.115,0.115,106749,"VEN"
2019-05-29,0.105,0.11,0.105,0.11,251627,"VEN"
2019-05-28,0.12,0.12,0.1,0.115,1771033,"VEN"
2019-05-27,0.12,0.12,0.12,0.12,96870,"VEN"
2019-05-24,0.125,0.125,0.12,0.12,57500,"VEN"
2019-05-23,0.13,0.13,0.125,0.125,103671,"VEN"
2019-05-22,0.13,0.13,0.13,0.13,97799,"VEN"
2019-05-21,0.13,0.13,0.13,0.13,200000,"VEN"
2019-05-20,0.13,0.13,0.13,0.13,50000,"VEN"
2019-05-17,0.115,0.12,0.115,0.12,490544,"VEN"
2019-05-16,0.115,0.115,0.115,0.115,10000,"VEN"
2019-10-03,3,3.14,2.99,3.14,438582,"REG"
2019-10-02,3.06,3.09,3,3.07,487831,"REG"
2019-10-01,2.94,3.075,2.94,3.06,657707,"REG"
2019-09-30,2.75,2.92,2.73,2.91,699321,"REG"
2019-09-27,2.74,2.76,2.7,2.75,253959,"REG"
2019-09-26,2.77,2.78,2.73,2.77,260463,"REG"
2019-09-25,2.77,2.78,2.74,2.77,451865,"REG"
2019-09-24,2.8,2.8,2.72,2.77,305089,"REG"
2019-09-23,2.74,2.91,2.74,2.8,702021,"REG"
2019-09-20,2.72,2.76,2.7,2.75,392580,"REG"
2019-09-19,2.69,2.73,2.68,2.72,1667382,"REG"
2019-09-18,2.68,2.68,2.64,2.68,323716,"REG"
2019-09-17,2.65,2.67,2.58,2.67,254189,"REG"
2019-09-16,2.66,2.685,2.6,2.65,397592,"REG"
2019-09-13,2.68,2.7,2.64,2.67,516839,"REG"
2019-09-12,2.7,2.71,2.645,2.68,208945,"REG"
2019-09-11,2.6,2.7,2.6,2.69,419782,"REG"
2019-09-10,2.76,2.78,2.72,2.74,334342,"REG"
2019-09-09,2.79,2.79,2.73,2.76,391082,"REG"
2019-09-06,2.76,2.8,2.75,2.79,300411,"REG"
2019-09-05,2.71,2.73,2.67,2.73,484046,"REG"
2019-09-04,2.79,2.79,2.71,2.72,832387,"REG"
2019-09-03,2.81,2.82,2.75,2.76,108523,"REG"
2019-09-02,2.77,2.81,2.75,2.81,89500,"REG"
2019-08-30,2.8,2.84,2.79,2.79,188290,"REG"
2019-08-29,2.85,2.87,2.765,2.81,101097,"REG"
2019-08-28,2.81,2.94,2.81,2.87,368412,"REG"
2019-08-27,2.85,2.94,2.82,2.83,129334,"REG"
2019-08-26,2.91,2.94,2.83,2.91,318436,"REG"
2019-08-23,2.83,2.94,2.83,2.94,442895,"REG"
2019-08-22,2.79,2.92,2.78,2.84,205184,"REG"
2019-08-21,2.76,2.92,2.74,2.88,307941,"REG"
2019-08-20,2.62,2.84,2.62,2.79,494037,"REG"
2019-08-19,2.57,2.65,2.53,2.61,165498,"REG"
2019-08-16,2.54,2.65,2.5,2.55,285627,"REG"
2019-08-15,2.6,2.675,2.52,2.54,327467,"REG"
2019-08-14,2.67,2.7,2.64,2.65,114250,"REG"
2019-08-13,2.68,2.71,2.64,2.69,173445,"REG"
2019-08-12,2.65,2.74,2.65,2.68,93194,"REG"
2019-08-09,2.66,2.73,2.63,2.68,414874,"REG"
2019-08-08,2.64,2.72,2.58,2.64,222138,"REG"
2019-08-07,2.61,2.7,2.61,2.68,387618,"REG"
2019-08-06,2.63,2.64,2.58,2.6,380815,"REG"
2019-08-05,2.8,2.8,2.73,2.73,37613,"REG"
2019-08-02,2.75,2.82,2.74,2.76,199643,"REG"
2019-08-01,2.73,2.84,2.73,2.75,232646,"REG"
2019-07-31,2.75,2.86,2.75,2.8,298210,"REG"
2019-07-30,2.66,2.77,2.65,2.75,530012,"REG"
2019-07-29,2.69,2.69,2.61,2.68,305413,"REG"
2019-07-26,2.66,2.7,2.65,2.67,181485,"REG"
2019-07-25,2.7,2.73,2.66,2.68,262843,"REG"
2019-07-24,2.7,2.72,2.68,2.7,229157,"REG"
2019-07-23,2.75,2.76,2.68,2.7,266478,"REG"
2019-07-22,2.7,2.8,2.67,2.76,288458,"REG"
2019-07-19,2.7,2.72,2.665,2.7,149958,"REG"
2019-07-18,2.69,2.71,2.64,2.69,193238,"REG"
2019-07-17,2.71,2.71,2.64,2.68,211364,"REG"
2019-07-16,2.73,2.73,2.66,2.71,91101,"REG"
2019-07-15,2.7,2.71,2.62,2.68,255900,"REG"
2019-07-12,2.65,2.73,2.63,2.7,243409,"REG"
2019-07-11,2.6,2.67,2.6,2.65,195642,"REG"
2019-07-10,2.6,2.62,2.56,2.58,264653,"REG"
2019-07-09,2.61,2.66,2.59,2.6,200754,"REG"
2019-07-08,2.65,2.66,2.6,2.62,290086,"REG"
2019-07-05,2.7,2.74,2.65,2.65,346263,"REG"
2019-07-04,2.7,2.77,2.67,2.7,175385,"REG"
2019-07-03,2.64,2.69,2.64,2.66,176163,"REG"
2019-07-02,2.69,2.7,2.64,2.64,172373,"REG"
2019-07-01,2.6,2.73,2.6,2.7,184036,"REG"
2019-06-28,2.61,2.64,2.59,2.63,165938,"REG"
2019-06-27,2.59,2.64,2.57,2.6,359438,"REG"
2019-06-26,2.6,2.65,2.59,2.62,292015,"REG"
2019-06-25,2.7,2.74,2.63,2.63,317475,"REG"
2019-06-24,2.77,2.77,2.69,2.71,204140,"REG"
2019-06-21,2.84,2.84,2.72,2.77,512486,"REG"
2019-06-20,2.72,2.79,2.64,2.78,468717,"REG"
2019-06-19,2.65,2.71,2.62,2.71,669185,"REG"
2019-06-18,2.58,2.62,2.575,2.6,206395,"REG"
2019-06-17,2.6,2.62,2.52,2.56,278789,"REG"
2019-06-14,2.62,2.62,2.55,2.57,281095,"REG"
2019-06-13,2.61,2.63,2.6,2.62,232952,"REG"
2019-06-12,2.6,2.64,2.56,2.62,7155791,"REG"
2019-06-11,2.59,2.65,2.5,2.59,612839,"REG"
2019-06-07,2.53,2.64,2.53,2.61,577123,"REG"
2019-06-06,2.74,2.79,2.45,2.56,3216568,"REG"
2019-06-05,2.86,2.9,2.74,2.74,605115,"REG"
2019-06-04,2.95,3.1,2.86,2.88,296190,"REG"
2019-06-03,3.03,3.06,2.95,2.98,71072,"REG"
2019-05-31,3.04,3.08,2.975,3.03,116222,"REG"
2019-05-30,3.02,3.07,2.96,3.06,237318,"REG"
2019-05-29,3.09,3.09,3.02,3.02,153268,"REG"
2019-05-28,3.07,3.09,3.03,3.07,197047,"REG"
2019-05-27,3.07,3.12,3.04,3.08,1654618,"REG"
2019-05-24,3.06,3.13,3.02,3.04,233405,"REG"
2019-05-23,3.13,3.16,3.08,3.1,221733,"REG"
2019-05-22,3.12,3.17,3.11,3.12,273235,"REG"
2019-05-21,3.14,3.14,3.11,3.12,101460,"REG"
2019-05-20,3.14,3.17,3.11,3.12,176899,"REG"
2019-05-17,3.15,3.18,3.11,3.13,107807,"REG"
2019-05-16,3.15,3.15,3.105,3.14,72372,"REG"
2019-10-03,1.21,1.265,1.207,1.215,5991049,"GOR"
2019-10-02,1.23,1.245,1.2,1.2,3737622,"GOR"
2019-10-01,1.22,1.24,1.18,1.22,5748894,"GOR"
2019-09-30,1.26,1.275,1.23,1.245,6964836,"GOR"
2019-09-27,1.3,1.305,1.262,1.27,5373554,"GOR"
2019-09-26,1.345,1.345,1.27,1.295,6804177,"GOR"
2019-09-25,1.39,1.4,1.36,1.36,4892785,"GOR"
2019-09-24,1.345,1.4,1.335,1.38,5452639,"GOR"
2019-09-23,1.315,1.34,1.3,1.33,6178290,"GOR"
2019-09-20,1.31,1.31,1.275,1.305,95271292,"GOR"
2019-09-19,1.285,1.31,1.25,1.3,10187013,"GOR"
2019-09-18,1.285,1.345,1.28,1.305,8226985,"GOR"
2019-09-17,1.34,1.345,1.275,1.295,11729390,"GOR"
2019-09-16,1.36,1.395,1.345,1.35,14580863,"GOR"
2019-09-13,1.375,1.43,1.36,1.385,8124479,"GOR"
2019-09-12,1.345,1.425,1.345,1.41,6197697,"GOR"
2019-09-11,1.325,1.35,1.305,1.335,4525053,"GOR"
2019-09-10,1.325,1.36,1.32,1.325,7395630,"GOR"
2019-09-09,1.345,1.4,1.31,1.355,10214839,"GOR"
2019-09-06,1.33,1.375,1.325,1.36,6692832,"GOR"
2019-09-05,1.35,1.38,1.33,1.365,4734051,"GOR"
2019-09-04,1.335,1.37,1.325,1.355,6337726,"GOR"
2019-09-03,1.285,1.32,1.28,1.3,3347906,"GOR"
2019-09-02,1.32,1.345,1.275,1.285,5593208,"GOR"
2019-08-30,1.35,1.36,1.27,1.31,4999195,"GOR"
2019-08-29,1.355,1.395,1.32,1.38,4256875,"GOR"
2019-08-28,1.37,1.39,1.34,1.34,7357636,"GOR"
2019-08-27,1.39,1.39,1.317,1.35,7584849,"GOR"
2019-08-26,1.395,1.43,1.355,1.385,19814748,"GOR"
2019-08-23,1.4,1.4,1.22,1.305,116553415,"GOR"
2019-08-22,1.57,1.6,1.525,1.575,2733282,"GOR"
2019-08-21,1.51,1.58,1.51,1.54,2993009,"GOR"
2019-08-20,1.49,1.54,1.45,1.51,4654224,"GOR"
2019-08-19,1.58,1.58,1.512,1.515,2991530,"GOR"
2019-08-16,1.6,1.62,1.56,1.585,2926118,"GOR"
2019-08-15,1.6,1.62,1.56,1.62,3200951,"GOR"
2019-08-14,1.575,1.58,1.52,1.55,3769251,"GOR"
2019-08-13,1.63,1.64,1.595,1.62,2581738,"GOR"
2019-08-12,1.63,1.63,1.58,1.625,3263418,"GOR"
2019-08-09,1.62,1.645,1.58,1.615,10016997,"GOR"
2019-08-08,1.51,1.62,1.51,1.62,8457705,"GOR"
2019-08-07,1.42,1.5,1.41,1.495,6822237,"GOR"
2019-08-06,1.42,1.445,1.372,1.4,4119777,"GOR"
2019-08-05,1.375,1.42,1.36,1.41,3369521,"GOR"
2019-08-02,1.39,1.395,1.355,1.36,3610388,"GOR"
2019-08-01,1.35,1.36,1.325,1.35,2949946,"GOR"
2019-07-31,1.4,1.42,1.375,1.38,2713949,"GOR"
2019-07-30,1.385,1.4,1.355,1.4,3396700,"GOR"
2019-07-29,1.375,1.395,1.35,1.39,2191503,"GOR"
2019-07-26,1.35,1.395,1.325,1.37,4006126,"GOR"
2019-07-25,1.405,1.405,1.36,1.375,1325004,"GOR"
2019-07-24,1.38,1.4,1.35,1.4,2070296,"GOR"
2019-07-23,1.43,1.435,1.395,1.4,2958376,"GOR"
2019-07-22,1.41,1.43,1.385,1.43,4024886,"GOR"
2019-07-19,1.405,1.415,1.39,1.395,2909117,"GOR"
2019-07-18,1.385,1.45,1.32,1.36,6667916,"GOR"
2019-07-17,1.34,1.3675,1.335,1.355,4243327,"GOR"
2019-07-16,1.33,1.365,1.3,1.34,6705784,"GOR"
2019-07-15,1.205,1.285,1.205,1.27,2878370,"GOR"
2019-07-12,1.21,1.215,1.19,1.195,7721554,"GOR"
2019-07-11,1.19,1.24,1.19,1.22,2943597,"GOR"
2019-07-10,1.165,1.18,1.15,1.18,1623019,"GOR"
2019-07-09,1.18,1.18,1.15,1.16,1309688,"GOR"
2019-07-08,1.18,1.19,1.145,1.17,2898168,"GOR"
2019-07-05,1.15,1.18,1.135,1.17,4252357,"GOR"
2019-07-04,1.12,1.135,1.11,1.125,1689735,"GOR"
2019-07-03,1.095,1.132,1.095,1.12,11487311,"GOR"
2019-07-02,1,1.08,1,1.065,4226120,"GOR"
2019-07-01,1.02,1.025,0.98,0.995,1959752,"GOR"
2019-06-28,1.01,1.015,0.98,0.99,1875425,"GOR"
2019-06-27,1.015,1.02,0.995,1.01,2978841,"GOR"
2019-06-26,1,1.02,0.99,1.01,2232262,"GOR"
2019-06-25,1.025,1.025,0.99,1.01,3217152,"GOR"
2019-06-24,1.045,1.045,1,1.01,2273142,"GOR"
2019-06-21,0.99,1.05,0.99,1.05,8563534,"GOR"
2019-06-20,0.9,1,0.9,0.97,7729468,"GOR"
2019-06-19,1.015,1.02,0.95,0.965,3678547,"GOR"
2019-06-18,1.03,1.04,1.005,1.01,2054098,"GOR"
2019-06-17,1.035,1.045,1.02,1.025,3129269,"GOR"
2019-06-14,1.005,1.05,1,1.045,2862045,"GOR"
2019-06-13,0.98,0.99,0.95,0.99,2343082,"GOR"
2019-06-12,0.96,0.975,0.94,0.955,3984556,"GOR"
2019-06-11,1.025,1.037,0.965,0.965,5167408,"GOR"
2019-06-07,1.055,1.055,1.025,1.025,1301011,"GOR"
2019-06-06,1.05,1.1,1.045,1.06,2423960,"GOR"
2019-06-05,1.1,1.1,1.045,1.055,1625583,"GOR"
2019-06-04,1.095,1.15,1.06,1.095,3425534,"GOR"
2019-06-03,1.03,1.095,1.02,1.09,4555504,"GOR"
2019-05-31,1.01,1.02,0.995,0.995,1719902,"GOR"
2019-05-30,0.98,1.015,0.977,0.99,3287884,"GOR"
2019-05-29,0.98,0.995,0.975,0.98,2191701,"GOR"
2019-05-28,1.07,1.077,0.975,0.995,19317621,"GOR"
2019-05-27,1.1,1.135,1.085,1.09,2824447,"GOR"
2019-05-24,1.08,1.11,1.077,1.1,4008860,"GOR"
2019-05-23,1.02,1.07,1.005,1.07,2702561,"GOR"
2019-05-22,1.025,1.035,1.015,1.025,1576015,"GOR"
2019-05-21,1.015,1.04,1.015,1.025,885293,"GOR"
2019-05-20,1,1.035,1,1.015,1487492,"GOR"
2019-05-17,1.025,1.025,1,1.01,1546220,"GOR"
2019-05-16,1.02,1.04,1.02,1.035,1503662,"GOR"
2019-10-03,14.01,14.17,13.96,14.07,5394499,"GMG"
2019-10-02,14.49,14.49,14.3,14.34,6611950,"GMG"
2019-10-01,14.35,14.47,14.245,14.46,6999677,"GMG"
2019-09-30,14.15,14.345,14.09,14.18,6576065,"GMG"
2019-09-27,14.25,14.35,14.05,14.05,6640192,"GMG"
2019-09-26,14.22,14.33,14.065,14.19,6691983,"GMG"
2019-09-25,14.2,14.405,14.18,14.34,7696707,"GMG"
2019-09-24,14.12,14.27,14.1,14.24,8904723,"GMG"
2019-09-23,13.98,14.24,13.9,14.12,8888124,"GMG"
2019-09-20,14.02,14.39,13.83,13.83,89466545,"GMG"
2019-09-19,14.05,14.115,13.89,13.89,13464537,"GMG"
2019-09-18,14.06,14.06,13.78,13.9,13399896,"GMG"
2019-09-17,13.57,13.84,13.52,13.8,12376580,"GMG"
2019-09-16,13.67,13.68,13.37,13.55,10229271,"GMG"
2019-09-13,13.84,13.9,13.565,13.68,11909488,"GMG"
2019-09-12,13.7,13.84,13.62,13.74,10024158,"GMG"
2019-09-11,13.63,13.66,13.285,13.44,9776441,"GMG"
2019-09-10,13.72,13.77,13.56,13.68,7228910,"GMG"
2019-09-09,13.66,13.915,13.63,13.85,7289254,"GMG"
2019-09-06,13.94,13.94,13.64,13.68,8679281,"GMG"
2019-09-05,14.25,14.26,13.86,14,9515975,"GMG"
2019-09-04,14.2,14.28,14.025,14.21,10478547,"GMG"
2019-09-03,14.3,14.38,14.13,14.18,4695721,"GMG"
2019-09-02,14.45,14.52,14.18,14.26,5065828,"GMG"
2019-08-30,14.52,14.58,14.42,14.52,7363770,"GMG"
2019-08-29,14.56,14.64,14.46,14.49,5326178,"GMG"
2019-08-28,14.88,14.98,14.58,14.67,5818388,"GMG"
2019-08-27,15.33,15.38,14.76,14.79,5799383,"GMG"
2019-08-26,15.45,15.5,15.2,15.3,3900168,"GMG"
2019-08-23,15.51,15.75,15.37,15.5,5893295,"GMG"
2019-08-22,15.22,15.22,14.84,14.85,2191184,"GMG"
2019-08-21,15.01,15.08,14.79,15.06,4654704,"GMG"
2019-08-20,14.84,15.04,14.71,15.02,4257612,"GMG"
2019-08-19,14.84,14.98,14.67,14.78,2985811,"GMG"
2019-08-16,14.53,14.75,14.5,14.59,3406514,"GMG"
2019-08-15,14.98,14.98,14.54,14.59,5564015,"GMG"
2019-08-14,14.99,15.035,14.69,14.87,3694130,"GMG"
2019-08-13,15.11,15.16,14.92,15,3848590,"GMG"
2019-08-12,14.95,15.09,14.87,15.09,2242641,"GMG"
2019-08-09,14.83,14.92,14.595,14.91,2656275,"GMG"
2019-08-08,14.5,14.91,14.45,14.91,4263358,"GMG"
2019-08-07,14.37,14.77,14.34,14.71,3585705,"GMG"
2019-08-06,14.5,14.65,14.16,14.36,6724982,"GMG"
2019-08-05,15.28,15.33,15,15.01,1254626,"GMG"
2019-08-02,15.09,15.39,15.04,15.31,2891010,"GMG"
2019-08-01,14.76,14.875,14.62,14.86,3566034,"GMG"
2019-07-31,14.94,15.01,14.81,14.81,4984889,"GMG"
2019-07-30,14.93,15.05,14.76,14.88,7551745,"GMG"
2019-07-29,15.08,15.12,14.75,14.85,7112706,"GMG"
2019-07-26,15.04,15.13,14.96,15.08,3851619,"GMG"
2019-07-25,15.2,15.23,14.97,15.05,6696071,"GMG"
2019-07-24,15.3,15.345,15.12,15.26,4414244,"GMG"
2019-07-23,14.95,15.17,14.91,15.17,4189757,"GMG"
2019-07-22,15.08,15.1,14.865,14.95,3125148,"GMG"
2019-07-19,15.04,15.26,14.95,15.17,3221814,"GMG"
2019-07-18,15.17,15.29,15.07,15.14,3903231,"GMG"
2019-07-17,15.32,15.36,15.06,15.12,3551603,"GMG"
2019-07-16,15.2,15.4,15.19,15.28,4079734,"GMG"
2019-07-15,15.36,15.46,15.18,15.22,2749096,"GMG"
2019-07-12,15.35,15.45,15.305,15.36,3693819,"GMG"
2019-07-11,15.59,15.8,15.47,15.51,3410437,"GMG"
2019-07-10,15.66,15.76,15.41,15.47,3310948,"GMG"
2019-07-09,15.43,15.63,15.31,15.53,4102719,"GMG"
2019-07-08,15.95,15.95,15.44,15.46,3080410,"GMG"
2019-07-05,15.87,16.1,15.81,16.07,3862697,"GMG"
2019-07-04,15.75,15.81,15.61,15.73,4243282,"GMG"
2019-07-03,15.46,15.72,15.33,15.63,3817410,"GMG"
2019-07-02,15.25,15.3,15.1,15.16,4492695,"GMG"
2019-07-01,15.11,15.56,15.05,15.22,2877523,"GMG"
2019-06-28,15.27,15.27,15.03,15.03,5745138,"GMG"
2019-06-27,15.21,15.42,15.03,15.25,8668497,"GMG"
2019-06-26,15.45,15.5,15.36,15.38,5015204,"GMG"
2019-06-25,15.22,15.545,15.12,15.5,6325592,"GMG"
2019-06-24,15.04,15.31,15.005,15.31,5967721,"GMG"
2019-06-21,15.03,15.11,14.87,15.08,8811948,"GMG"
2019-06-20,14.87,15.02,14.83,15.01,5974499,"GMG"
2019-06-19,14.93,14.93,14.665,14.86,4083318,"GMG"
2019-06-18,14.65,14.85,14.45,14.83,4924724,"GMG"
2019-06-17,14.83,14.85,14.57,14.57,2454476,"GMG"
2019-06-14,14.67,14.745,14.57,14.65,3067283,"GMG"
2019-06-13,14.53,14.66,14.43,14.59,2973733,"GMG"
2019-06-12,14.4,14.52,14.36,14.4,2761985,"GMG"
2019-06-11,14.26,14.48,14.22,14.43,4502717,"GMG"
2019-06-07,14.12,14.29,13.98,14.29,3535635,"GMG"
2019-06-06,13.7,14.03,13.67,14,3975760,"GMG"
2019-06-05,13.62,13.7,13.515,13.55,2778811,"GMG"
2019-06-04,13.7,13.74,13.56,13.67,3167477,"GMG"
2019-06-03,13.52,13.77,13.43,13.59,4202800,"GMG"
2019-05-31,13.28,13.48,13.28,13.4,3639744,"GMG"
2019-05-30,13.4,13.47,13.26,13.28,3412201,"GMG"
2019-05-29,13.64,13.64,13.47,13.5,2635540,"GMG"
2019-05-28,13.84,13.85,13.7,13.7,5438588,"GMG"
2019-05-27,13.82,13.89,13.73,13.78,1986227,"GMG"
2019-05-24,13.93,13.99,13.74,13.85,2392057,"GMG"
2019-05-23,13.77,13.88,13.75,13.84,2747386,"GMG"
2019-05-22,13.78,13.83,13.605,13.71,2986107,"GMG"
2019-05-21,13.42,13.825,13.35,13.82,4227413,"GMG"
2019-05-20,13.66,13.71,13.51,13.58,2209233,"GMG"
2019-05-17,13.7,13.84,13.655,13.71,3633892,"GMG"
2019-05-16,13.43,13.56,13.32,13.56,7344419,"GMG"
2019-10-03,0.8,0.8,0.795,0.795,27096,"SHJ"
2019-10-02,0.785,0.8,0.785,0.8,37621,"SHJ"
2019-10-01,0.79,0.79,0.79,0.79,124,"SHJ"
2019-09-30,0.79,0.8,0.785,0.8,185706,"SHJ"
2019-09-27,0.81,0.81,0.8,0.8,8197,"SHJ"
2019-09-26,0.775,0.775,0.775,0.775,0,"SHJ"
2019-09-25,0.785,0.79,0.775,0.775,39139,"SHJ"
2019-09-24,0.8,0.8,0.77,0.77,34772,"SHJ"
2019-09-23,0.8,0.84,0.8,0.84,10412,"SHJ"
2019-09-20,0.85,0.85,0.77,0.77,52240,"SHJ"
2019-09-19,0.85,0.85,0.85,0.85,7344,"SHJ"
2019-09-18,0.855,0.86,0.845,0.86,63986,"SHJ"
2019-09-17,0.85,0.855,0.85,0.85,19418,"SHJ"
2019-09-16,0.85,0.86,0.85,0.86,31201,"SHJ"
2019-09-13,0.86,0.86,0.845,0.86,15556,"SHJ"
2019-09-12,0.83,0.84,0.83,0.835,43336,"SHJ"
2019-09-11,0.84,0.86,0.84,0.86,37916,"SHJ"
2019-09-10,0.835,0.84,0.83,0.84,39827,"SHJ"
2019-09-09,0.83,0.835,0.83,0.835,20471,"SHJ"
2019-09-06,0.825,0.835,0.825,0.835,62475,"SHJ"
2019-09-05,0.825,0.84,0.825,0.83,35787,"SHJ"
2019-09-04,0.835,0.84,0.83,0.83,14074,"SHJ"
2019-09-03,0.84,0.845,0.835,0.835,4569,"SHJ"
2019-09-02,0.84,0.85,0.84,0.84,142983,"SHJ"
2019-08-30,0.795,0.825,0.79,0.825,121807,"SHJ"
2019-08-29,0.76,0.8,0.76,0.8,203866,"SHJ"
2019-08-28,0.73,0.76,0.73,0.76,43830,"SHJ"
2019-08-27,0.755,0.755,0.75,0.75,5157,"SHJ"
2019-08-26,0.735,0.755,0.735,0.75,39982,"SHJ"
2019-08-23,0.72,0.725,0.72,0.725,13323,"SHJ"
2019-08-22,0.73,0.73,0.73,0.73,4000,"SHJ"
2019-08-21,0.755,0.755,0.735,0.74,97004,"SHJ"
2019-08-20,0.72,0.72,0.72,0.72,8,"SHJ"
2019-08-19,0.745,0.745,0.705,0.715,22475,"SHJ"
2019-08-16,0.755,0.755,0.755,0.755,9632,"SHJ"
2019-08-15,0.75,0.755,0.75,0.755,9462,"SHJ"
2019-08-14,0.78,0.78,0.75,0.75,107529,"SHJ"
2019-08-13,0.78,0.78,0.78,0.78,0,"SHJ"
2019-08-12,0.78,0.78,0.78,0.78,11504,"SHJ"
2019-08-09,0.775,0.775,0.775,0.775,523,"SHJ"
2019-08-08,0.79,0.79,0.79,0.79,0,"SHJ"
2019-08-07,0.79,0.79,0.79,0.79,906,"SHJ"
2019-08-06,0.76,0.765,0.75,0.765,340856,"SHJ"
2019-08-05,0.785,0.785,0.785,0.785,0,"SHJ"
2019-08-02,0.785,0.79,0.785,0.785,1694,"SHJ"
2019-08-01,0.75,0.8,0.75,0.8,91609,"SHJ"
2019-07-31,0.725,0.725,0.72,0.725,20968,"SHJ"
2019-07-30,0.75,0.75,0.725,0.75,49211,"SHJ"
2019-07-29,0.74,0.74,0.725,0.725,28822,"SHJ"
2019-07-26,0.73,0.74,0.72,0.74,46852,"SHJ"
2019-07-25,0.75,0.75,0.745,0.745,1470,"SHJ"
2019-07-24,0.725,0.75,0.725,0.75,27619,"SHJ"
2019-07-23,0.71,0.735,0.71,0.735,15749,"SHJ"
2019-07-22,0.69,0.71,0.69,0.71,63355,"SHJ"
2019-07-19,0.68,0.68,0.68,0.68,92,"SHJ"
2019-07-18,0.68,0.68,0.68,0.68,11329,"SHJ"
2019-07-17,0.68,0.68,0.68,0.68,4185,"SHJ"
2019-07-16,0.66,0.7,0.66,0.7,41774,"SHJ"
2019-07-15,0.655,0.66,0.655,0.66,14744,"SHJ"
2019-07-12,0.66,0.66,0.65,0.65,5346,"SHJ"
2019-07-11,0.695,0.695,0.65,0.65,2156,"SHJ"
2019-07-10,0.65,0.65,0.65,0.65,3304,"SHJ"
2019-07-09,0.67,0.695,0.65,0.65,59929,"SHJ"
2019-07-08,0.67,0.67,0.67,0.67,55,"SHJ"
2019-07-05,0.69,0.69,0.69,0.69,3000,"SHJ"
2019-07-04,0.667,0.675,0.667,0.675,10000,"SHJ"
2019-07-03,0.65,0.675,0.65,0.675,10000,"SHJ"
2019-07-02,0.675,0.675,0.675,0.675,0,"SHJ"
2019-07-01,0.665,0.675,0.65,0.675,15959,"SHJ"
2019-06-28,0.655,0.675,0.64,0.665,66379,"SHJ"
2019-06-27,0.7,0.7,0.7,0.7,0,"SHJ"
2019-06-26,0.65,0.7,0.64,0.7,1466832,"SHJ"
2019-06-25,0.64,0.65,0.64,0.65,1743949,"SHJ"
2019-06-24,0.645,0.65,0.64,0.645,18424,"SHJ"
2019-06-21,0.64,0.64,0.61,0.635,48668,"SHJ"
2019-06-20,0.645,0.65,0.63,0.64,56344,"SHJ"
2019-06-19,0.655,0.66,0.65,0.65,121266,"SHJ"
2019-06-18,0.65,0.655,0.65,0.655,34386,"SHJ"
2019-06-17,0.65,0.655,0.65,0.65,30140,"SHJ"
2019-06-14,0.65,0.65,0.65,0.65,556,"SHJ"
2019-06-13,0.65,0.65,0.65,0.65,13083,"SHJ"
2019-06-12,0.655,0.655,0.65,0.65,20906,"SHJ"
2019-06-11,0.66,0.66,0.65,0.65,14169,"SHJ"
2019-06-07,0.655,0.655,0.65,0.65,40557,"SHJ"
2019-06-06,0.67,0.67,0.67,0.67,0,"SHJ"
2019-06-05,0.65,0.67,0.65,0.67,16117,"SHJ"
2019-06-04,0.69,0.69,0.68,0.68,136311,"SHJ"
2019-06-03,0.7,0.705,0.69,0.69,191120,"SHJ"
2019-05-31,0.695,0.705,0.695,0.705,11812,"SHJ"
2019-05-30,0.69,0.7,0.69,0.7,34729,"SHJ"
2019-05-29,0.69,0.695,0.69,0.69,17606,"SHJ"
2019-05-28,0.685,0.69,0.685,0.69,1331,"SHJ"
2019-05-27,0.68,0.69,0.68,0.69,4235,"SHJ"
2019-05-24,0.68,0.69,0.68,0.69,6835,"SHJ"
2019-05-23,0.68,0.68,0.68,0.68,21925,"SHJ"
2019-05-22,0.66,0.67,0.66,0.67,20982,"SHJ"
2019-05-21,0.655,0.66,0.655,0.66,5238,"SHJ"
2019-05-20,0.645,0.66,0.645,0.66,30261,"SHJ"
2019-05-17,0.655,0.675,0.65,0.66,29649,"SHJ"
2019-05-16,0.65,0.65,0.65,0.65,0,"SHJ"
2019-10-03,1.72,1.72,1.65,1.66,173960,"WGN"
2019-10-02,1.75,1.76,1.73,1.73,142742,"WGN"
2019-10-01,1.765,1.77,1.75,1.75,122522,"WGN"
2019-09-30,1.79,1.8,1.75,1.75,207184,"WGN"
2019-09-27,1.785,1.81,1.77,1.78,290641,"WGN"
2019-09-26,1.78,1.8,1.77,1.77,375906,"WGN"
2019-09-25,1.79,1.805,1.785,1.79,64994,"WGN"
2019-09-24,1.8,1.83,1.77,1.79,178260,"WGN"
2019-09-23,1.79,1.83,1.785,1.795,220073,"WGN"
2019-09-20,1.775,1.85,1.765,1.795,1812959,"WGN"
2019-09-19,1.815,1.82,1.72,1.755,410393,"WGN"
2019-09-18,1.9,1.9,1.8,1.86,305118,"WGN"
2019-09-17,1.895,1.925,1.84,1.91,293457,"WGN"
2019-09-16,1.9,1.98,1.88,1.89,432352,"WGN"
2019-09-13,1.9,1.91,1.875,1.875,192081,"WGN"
2019-09-12,1.88,1.91,1.84,1.91,454066,"WGN"
2019-09-11,1.81,1.89,1.81,1.875,361572,"WGN"
2019-09-10,1.835,1.835,1.785,1.82,202666,"WGN"
2019-09-09,1.68,1.85,1.655,1.85,271844,"WGN"
2019-09-06,1.68,1.705,1.67,1.68,397684,"WGN"
2019-09-05,1.72,1.73,1.68,1.68,147734,"WGN"
2019-09-04,1.65,1.715,1.63,1.715,362604,"WGN"
2019-09-03,1.68,1.725,1.635,1.65,114171,"WGN"
2019-09-02,1.81,1.81,1.66,1.675,192345,"WGN"
2019-08-30,1.87,1.885,1.71,1.73,703759,"WGN"
2019-08-29,1.77,1.89,1.77,1.855,577073,"WGN"
2019-08-28,1.68,1.775,1.68,1.77,411969,"WGN"
2019-08-27,1.65,1.68,1.6,1.68,208701,"WGN"
2019-08-26,1.625,1.645,1.55,1.59,227462,"WGN"
2019-08-23,1.525,1.69,1.515,1.61,466052,"WGN"
2019-08-22,1.515,1.525,1.5,1.51,528308,"WGN"
2019-08-21,1.53,1.53,1.455,1.475,322292,"WGN"
2019-08-20,1.53,1.54,1.42,1.53,5718764,"WGN"
2019-08-19,1.5,1.59,1.5,1.535,184522,"WGN"
2019-08-16,1.5,1.5,1.45,1.46,521554,"WGN"
2019-08-15,1.5,1.5,1.435,1.45,299384,"WGN"
2019-08-14,1.55,1.555,1.52,1.52,66394,"WGN"
2019-08-13,1.59,1.59,1.52,1.55,121143,"WGN"
2019-08-12,1.595,1.65,1.57,1.58,130995,"WGN"
2019-08-09,1.58,1.625,1.57,1.585,109001,"WGN"
2019-08-08,1.59,1.615,1.555,1.58,122778,"WGN"
2019-08-07,1.61,1.645,1.56,1.58,295672,"WGN"
2019-08-06,1.6,1.635,1.525,1.595,492674,"WGN"
2019-08-05,1.735,1.735,1.55,1.56,227338,"WGN"
2019-08-02,1.755,1.78,1.7,1.72,299012,"WGN"
2019-08-01,1.8,1.81,1.755,1.755,890181,"WGN"
2019-07-31,1.86,1.86,1.79,1.795,278159,"WGN"
2019-07-30,1.82,1.865,1.82,1.85,1479692,"WGN"
2019-07-29,1.81,1.845,1.8,1.82,111148,"WGN"
2019-07-26,1.835,1.84,1.795,1.8,138138,"WGN"
2019-07-25,1.85,1.85,1.795,1.825,174825,"WGN"
2019-07-24,1.85,1.865,1.84,1.85,146731,"WGN"
2019-07-23,1.9,1.9,1.845,1.845,96856,"WGN"
2019-07-22,1.86,1.9,1.84,1.885,95178,"WGN"
2019-07-19,1.865,1.94,1.85,1.85,147611,"WGN"
2019-07-18,1.88,1.905,1.84,1.85,122834,"WGN"
2019-07-17,1.875,1.9,1.86,1.87,249113,"WGN"
2019-07-16,1.93,1.945,1.84,1.845,248986,"WGN"
2019-07-15,2,2.01,1.92,1.92,98574,"WGN"
2019-07-12,1.955,2,1.935,2,1243024,"WGN"
2019-07-11,1.955,1.955,1.92,1.955,10985347,"WGN"
2019-07-10,1.96,1.975,1.9,1.94,130012,"WGN"
2019-07-09,1.975,1.985,1.95,1.96,70010,"WGN"
2019-07-08,1.94,1.97,1.9,1.92,168625,"WGN"
2019-07-05,1.97,2,1.92,1.935,383342,"WGN"
2019-07-04,1.935,1.995,1.92,1.96,460854,"WGN"
2019-07-03,1.855,1.9,1.85,1.9,65482,"WGN"
2019-07-02,1.825,1.885,1.805,1.85,91064,"WGN"
2019-07-01,1.8,1.815,1.76,1.77,87186,"WGN"
2019-06-28,1.8,1.82,1.76,1.8,582636,"WGN"
2019-06-27,1.84,1.86,1.81,1.825,154076,"WGN"
2019-06-26,1.88,1.88,1.82,1.88,301891,"WGN"
2019-06-25,1.95,1.98,1.88,1.88,182934,"WGN"
2019-06-24,1.96,1.975,1.905,1.95,240969,"WGN"
2019-06-21,1.9,1.965,1.9,1.965,273562,"WGN"
2019-06-20,1.99,2,1.91,1.91,263297,"WGN"
2019-06-19,2,2,1.96,1.975,582209,"WGN"
2019-06-18,2.02,2.06,1.95,1.98,329755,"WGN"
2019-06-17,1.89,2.06,1.89,2.02,521422,"WGN"
2019-06-14,1.87,1.89,1.825,1.885,174563,"WGN"
2019-06-13,1.79,1.87,1.76,1.865,257728,"WGN"
2019-06-12,1.79,1.82,1.76,1.785,72046,"WGN"
2019-06-11,1.77,1.8,1.73,1.795,287706,"WGN"
2019-06-07,1.88,1.88,1.732,1.75,882076,"WGN"
2019-06-06,1.9,1.905,1.83,1.84,148470,"WGN"
2019-06-05,1.85,1.935,1.85,1.91,168093,"WGN"
2019-06-04,1.86,1.915,1.81,1.84,1234260,"WGN"
2019-06-03,1.92,1.92,1.86,1.865,2629349,"WGN"
2019-05-31,1.9,1.95,1.9,1.905,320353,"WGN"
2019-05-30,2.01,2.01,1.87,1.88,153905,"WGN"
2019-05-29,2.02,2.09,1.98,2.03,299399,"WGN"
2019-05-28,2.02,2.05,2.01,2.03,413621,"WGN"
2019-05-27,2.05,2.05,2,2.03,427750,"WGN"
2019-05-24,1.965,2.09,1.965,2.02,609152,"WGN"
2019-05-23,1.98,2,1.935,1.95,157584,"WGN"
2019-05-22,1.99,1.995,1.925,1.99,233986,"WGN"
2019-05-21,1.88,1.95,1.86,1.945,115528,"WGN"
2019-05-20,1.83,1.955,1.83,1.9,243229,"WGN"
2019-05-17,1.77,1.83,1.755,1.81,236596,"WGN"
2019-05-16,1.73,1.775,1.725,1.755,170564,"WGN"
2019-10-03,2.4,2.4,2.4,2.4,0,"RCT"
2019-10-02,2.34,2.4,2.34,2.4,20000,"RCT"
2019-10-01,2.39,2.39,2.38,2.38,1001,"RCT"
2019-09-30,2.31,2.31,2.3,2.3,25000,"RCT"
2019-09-27,2.39,2.39,2.31,2.31,4275,"RCT"
2019-09-26,2.29,2.29,2.29,2.29,0,"RCT"
2019-09-25,2.29,2.29,2.29,2.29,0,"RCT"
2019-09-24,2.29,2.29,2.29,2.29,8108,"RCT"
2019-09-23,2.29,2.29,2.29,2.29,0,"RCT"
2019-09-20,2.3,2.3,2.29,2.29,4522,"RCT"
2019-09-19,2.39,2.39,2.29,2.29,9381,"RCT"
2019-09-18,2.37,2.39,2.37,2.39,10040,"RCT"
2019-09-17,2.29,2.29,2.29,2.29,1000,"RCT"
2019-09-16,2.26,2.29,2.26,2.29,3100,"RCT"
2019-09-13,2.28,2.28,2.25,2.25,10000,"RCT"
2019-09-12,2.3,2.41,2.28,2.41,12370,"RCT"
2019-09-11,2.28,2.28,2.28,2.28,0,"RCT"
2019-09-10,2.28,2.28,2.28,2.28,438,"RCT"
2019-09-09,2.39,2.4,2.27,2.3,92745,"RCT"
2019-09-06,2.25,2.28,2.25,2.28,15502,"RCT"
2019-09-05,2.25,2.25,2.25,2.25,1709,"RCT"
2019-09-04,2.25,2.26,2.25,2.25,10173,"RCT"
2019-09-03,2.27,2.28,2.25,2.25,9689,"RCT"
2019-09-02,2.27,2.27,2.24,2.25,10075,"RCT"
2019-08-30,2.32,2.36,2.32,2.36,17101,"RCT"
2019-08-29,2.39,2.39,2.32,2.32,11784,"RCT"
2019-08-28,2.36,2.36,2.36,2.36,0,"RCT"
2019-08-27,2.41,2.41,2.36,2.36,5000,"RCT"
2019-08-26,2.42,2.42,2.42,2.42,1000,"RCT"
2019-08-23,2.41,2.41,2.41,2.41,0,"RCT"
2019-08-22,2.41,2.41,2.41,2.41,1273,"RCT"
2019-08-21,2.45,2.45,2.45,2.45,0,"RCT"
2019-08-20,2.46,2.46,2.41,2.45,20152,"RCT"
2019-08-19,2.46,2.46,2.455,2.46,6898,"RCT"
2019-08-16,2.46,2.46,2.46,2.46,500,"RCT"
2019-08-15,2.46,2.46,2.45,2.45,1934,"RCT"
2019-08-14,2.46,2.46,2.45,2.46,3100,"RCT"
2019-08-13,2.47,2.49,2.47,2.49,1890,"RCT"
2019-08-12,2.49,2.49,2.49,2.49,1261,"RCT"
2019-08-09,2.47,2.49,2.47,2.49,5200,"RCT"
2019-08-08,2.47,2.47,2.47,2.47,0,"RCT"
2019-08-07,2.47,2.47,2.47,2.47,0,"RCT"
2019-08-06,2.47,2.47,2.47,2.47,28,"RCT"
2019-08-05,2.5,2.5,2.5,2.5,0,"RCT"
2019-08-02,2.5,2.5,2.5,2.5,250,"RCT"
2019-08-01,2.46,2.46,2.46,2.46,115,"RCT"
2019-07-31,2.44,2.55,2.44,2.55,3402,"RCT"
2019-07-30,2.43,2.43,2.43,2.43,0,"RCT"
2019-07-29,2.43,2.43,2.43,2.43,0,"RCT"
2019-07-26,2.46,2.46,2.43,2.43,28679,"RCT"
2019-07-25,2.46,2.46,2.46,2.46,183,"RCT"
2019-07-24,2.44,2.44,2.44,2.44,1500,"RCT"
2019-07-23,2.41,2.65,2.41,2.6,2106,"RCT"
2019-07-22,2.65,2.65,2.65,2.65,3000,"RCT"
2019-07-19,2.6,2.6,2.6,2.6,815,"RCT"
2019-07-18,2.53,2.53,2.53,2.53,0,"RCT"
2019-07-17,2.6,2.6,2.53,2.53,15389,"RCT"
2019-07-16,2.52,2.6,2.52,2.58,3662,"RCT"
2019-07-15,2.5,2.5,2.5,2.5,1993,"RCT"
2019-07-12,2.46,2.46,2.46,2.46,0,"RCT"
2019-07-11,2.47,2.47,2.46,2.46,5262,"RCT"
2019-07-10,2.47,2.48,2.46,2.46,8067,"RCT"
2019-07-09,2.47,2.47,2.47,2.47,7414,"RCT"
2019-07-08,2.5,2.5,2.5,2.5,0,"RCT"
2019-07-05,2.5,2.5,2.5,2.5,1851,"RCT"
2019-07-04,2.54,2.55,2.5,2.5,11657,"RCT"
2019-07-03,2.52,2.52,2.52,2.52,300,"RCT"
2019-07-02,2.4,2.41,2.4,2.4,4554,"RCT"
2019-07-01,2.32,2.4,2.32,2.4,6200,"RCT"
2019-06-28,2.47,2.47,2.24,2.4,14794,"RCT"
2019-06-27,2.5,2.5,2.44,2.47,5172,"RCT"
2019-06-26,2.5,2.62,2.5,2.62,14000,"RCT"
2019-06-25,2.42,2.48,2.42,2.48,8450,"RCT"
2019-06-24,2.41,2.42,2.41,2.42,6969,"RCT"
2019-06-21,2.65,2.65,2.42,2.42,50350,"RCT"
2019-06-20,2.7,2.7,2.7,2.7,186,"RCT"
2019-06-19,2.6,2.69,2.6,2.63,6320,"RCT"
2019-06-18,2.6,2.64,2.6,2.64,7386,"RCT"
2019-06-17,2.58,2.6,2.45,2.6,21545,"RCT"
2019-06-14,2.6,2.6,2.59,2.59,3474,"RCT"
2019-06-13,2.63,2.63,2.6,2.6,18065,"RCT"
2019-06-12,2.65,2.65,2.63,2.65,6355,"RCT"
2019-06-11,2.7,2.78,2.65,2.65,8337,"RCT"
2019-06-07,2.7,2.73,2.66,2.73,6131,"RCT"
2019-06-06,2.7,2.7,2.66,2.66,4000,"RCT"
2019-06-05,2.67,2.7,2.65,2.7,9928,"RCT"
2019-06-04,2.63,2.72,2.62,2.72,9330,"RCT"
2019-06-03,2.78,2.78,2.78,2.78,0,"RCT"
2019-05-31,2.78,2.78,2.78,2.78,986,"RCT"
2019-05-30,2.8,2.8,2.8,2.8,3281,"RCT"
2019-05-29,2.82,2.83,2.78,2.78,3260,"RCT"
2019-05-28,2.79,2.79,2.72,2.75,9650,"RCT"
2019-05-27,2.88,2.88,2.6,2.61,33274,"RCT"
2019-05-24,2.95,2.95,2.88,2.88,24048,"RCT"
2019-05-23,2.99,2.99,2.99,2.99,600,"RCT"
2019-05-22,3,3.01,3,3,19932,"RCT"
2019-05-21,2.93,2.93,2.93,2.93,0,"RCT"
2019-05-20,3,3,2.93,2.93,31357,"RCT"
2019-05-17,2.95,2.95,2.95,2.95,286,"RCT"
2019-05-16,2.95,2.95,2.95,2.95,1300,"RCT"
